Evaluations,Any-Two,Agreements,Disagreements,Unique A,Unique B
"(A, B)",0.1299638989169675,36,210,23,8
"(A, C)",0.21487603305785125,26,50,43,2
"(B, C)",0.13114754098360656,16,79,17,10
